{
  "HTTP Request-1" : {
    "transaction" : "HTTP Request-1",
    "sampleCount" : 860,
    "errorCount" : 51,
    "errorPct" : 5.9302325,
    "meanResTime" : 6041.277906976742,
    "medianResTime" : 4313.5,
    "minResTime" : 443.0,
    "maxResTime" : 24665.0,
    "pct1ResTime" : 13986.9,
    "pct2ResTime" : 16932.749999999996,
    "pct3ResTime" : 20724.43,
    "throughput" : 25.57164520828997,
    "receivedKBytesPerSec" : 1608.9062465154916,
    "sentKBytesPerSec" : 3.2653037283310042
  },
  "Total" : {
    "transaction" : "Total",
    "sampleCount" : 2720,
    "errorCount" : 242,
    "errorPct" : 8.8970585,
    "meanResTime" : 6002.188602941186,
    "medianResTime" : 4131.0,
    "minResTime" : 55.0,
    "maxResTime" : 25990.0,
    "pct1ResTime" : 14137.1,
    "pct2ResTime" : 17062.8,
    "pct3ResTime" : 21786.379999999997,
    "throughput" : 80.64037948413875,
    "receivedKBytesPerSec" : 3265.070707409947,
    "sentKBytesPerSec" : 13.433365605544028
  },
  "HTTP Request-0" : {
    "transaction" : "HTTP Request-0",
    "sampleCount" : 860,
    "errorCount" : 0,
    "errorPct" : 0.0,
    "meanResTime" : 2753.2918604651154,
    "medianResTime" : 2125.0,
    "minResTime" : 55.0,
    "maxResTime" : 12936.0,
    "pct1ResTime" : 6093.7,
    "pct2ResTime" : 7789.049999999998,
    "pct3ResTime" : 10452.07,
    "throughput" : 32.05008757872769,
    "receivedKBytesPerSec" : 29.13928860917527,
    "sentKBytesPerSec" : 4.350548997503075
  },
  "HTTP Request" : {
    "transaction" : "HTTP Request",
    "sampleCount" : 1000,
    "errorCount" : 191,
    "errorPct" : 19.1,
    "meanResTime" : 8762.622999999998,
    "medianResTime" : 8007.5,
    "minResTime" : 520.0,
    "maxResTime" : 25990.0,
    "pct1ResTime" : 17058.7,
    "pct2ResTime" : 19493.549999999996,
    "pct3ResTime" : 23040.62,
    "throughput" : 29.647198339756894,
    "receivedKBytesPerSec" : 1637.7057353431665,
    "sentKBytesPerSec" : 6.716682802772014
  }
}